<?xml version="1.0" encoding="utf-8"?>
<channels version="Tue, 24 Feb 2015 19:49:43 GMT+0200" info_time="Thu, 05 Apr 2007 09:19:03 GMT">
  <group id="5" type="1" en="Filme" description="Filme">Filme<channel id="149256" type="0" btype="0" language="ro"><name>Acasa</name><status>2</status><region en=""></region><class en="Filme">0</class><user_count>0</user_count><sn>0</sn><visit_count>0</visit_count><start_from></start_from><stream_type></stream_type><kbps>0</kbps><qs>0</qs><qc>0</qc><sop_address><item>sop://broker.sopcast.com:3912/149256</item></sop_address><description>Acasa</description></channel><channel id="148884" type="0" btype="0" language="ro"><name>Acasa Gold</name><status>2</status><region en=""></region><class en="Filme">0</class><user_count>0</user_count><sn>0</sn><visit_count>0</visit_count><start_from></start_from><stream_type></stream_type><kbps>0</kbps><qs>0</qs><qc>0</qc><sop_address><item>sop://broker.sopcast.com:3912/148884</item></sop_address><description>Acasa Gold</description></channel><channel id=" 148257" type="0" btype="0" language="ro"><name>Axn (Offline)</name><status>2</status><region en=""></region><class en="Filme">0</class><user_count>0</user_count><sn>0</sn><visit_count>0</visit_count><start_from></start_from><stream_type></stream_type><kbps>0</kbps><qs>0</qs><qc>0</qc><sop_address><item>sop://broker.sopcast.com:3912/ 148257</item></sop_address><description>Axn</description></channel><channel id="149261" type="0" btype="0" language="ro"><name>Axn Black</name><status>2</status><region en=""></region><class en="Filme">0</class><user_count>0</user_count><sn>0</sn><visit_count>0</visit_count><start_from></start_from><stream_type></stream_type><kbps>0</kbps><qs>0</qs><qc>0</qc><sop_address><item>sop://broker.sopcast.com:3912/149261</item></sop_address><description>AXN Black</description></channel><channel id="149263" type="0" btype="0" language="ro"><name>Axn Spin</name><status>2</status><region en=""></region><class en="Filme">0</class><user_count>0</user_count><sn>0</sn><visit_count>0</visit_count><start_from></start_from><stream_type></stream_type><kbps>0</kbps><qs>0</qs><qc>0</qc><sop_address><item>sop://broker.sopcast.com:3912/149263</item></sop_address><description>AXN SPIN</description></channel><channel id=" 149262" type="0" btype="0" language="ro"><name>Axn White (Offline)</name><status>2</status><region en=""></region><class en="Filme">0</class><user_count>0</user_count><sn>0</sn><visit_count>0</visit_count><start_from></start_from><stream_type></stream_type><kbps>0</kbps><qs>0</qs><qc>0</qc><sop_address><item>sop://broker.sopcast.com:3912/ 149262</item></sop_address><description>AXN White</description></channel><channel id="140566" type="0" btype="0" language="ro"><name>Cinemax (Offline)</name><status>2</status><region en=""></region><class en="Filme">0</class><user_count>0</user_count><sn>0</sn><visit_count>0</visit_count><start_from></start_from><stream_type></stream_type><kbps>0</kbps><qs>0</qs><qc>0</qc><sop_address><item>sop://broker.sopcast.com:3912/140566</item></sop_address><description>Cinemax</description></channel><channel id="178826" type="0" btype="0" language="ro"><name>Digi Film (Offline)</name><status>2</status><region en=""></region><class en="Filme">0</class><user_count>0</user_count><sn>0</sn><visit_count>0</visit_count><start_from></start_from><stream_type></stream_type><kbps>0</kbps><qs>0</qs><qc>0</qc><sop_address><item>sop://broker.sopcast.com:3912/178826</item></sop_address><description>Digi Film</description></channel><channel id="149253" type="0" btype="0" language="ro"><name>Digi Film (Offline)</name><status>2</status><region en=""></region><class en="Filme">0</class><user_count>0</user_count><sn>0</sn><visit_count>0</visit_count><start_from></start_from><stream_type></stream_type><kbps>0</kbps><qs>0</qs><qc>0</qc><sop_address><item>sop://178.175.143.195:3912/149253</item></sop_address><description>Digi Film</description></channel><channel id=" 148885" type="0" btype="0" language="ro"><name>Diva Universal (Offline)</name><status>2</status><region en=""></region><class en="Filme">0</class><user_count>0</user_count><sn>0</sn><visit_count>0</visit_count><start_from></start_from><stream_type></stream_type><kbps>0</kbps><qs>0</qs><qc>0</qc><sop_address><item>sop://broker.sopcast.com:3912/ 148885</item></sop_address><description>Diva Universal</description></channel><channel id=" 148981" type="0" btype="0" language="ro"><name>Film Cafe (Offline)</name><status>2</status><region en=""></region><class en="Filme">0</class><user_count>0</user_count><sn>0</sn><visit_count>0</visit_count><start_from></start_from><stream_type></stream_type><kbps>0</kbps><qs>0</qs><qc>0</qc><sop_address><item>sop://broker.sopcast.com:3912/ 148981</item></sop_address><description>Film Cafe</description></channel><channel id="148984" type="0" btype="0" language="ro"><name>Filmbox Family (Offline)</name><status>2</status><region en=""></region><class en="Filme">0</class><user_count>0</user_count><sn>0</sn><visit_count>0</visit_count><start_from></start_from><stream_type></stream_type><kbps>0</kbps><qs>0</qs><qc>0</qc><sop_address><item>sop://broker.sopcast.com:3912/148984</item></sop_address><description>Filmbox Family</description></channel><channel id="148985" type="0" btype="0" language="ro"><name>Filmbox Plus (Offline)</name><status>2</status><region en=""></region><class en="Filme">0</class><user_count>0</user_count><sn>0</sn><visit_count>0</visit_count><start_from></start_from><stream_type></stream_type><kbps>0</kbps><qs>0</qs><qc>0</qc><sop_address><item>sop://broker.sopcast.com:3912/148985</item></sop_address><description>Filmbox Plus</description></channel><channel id="149254" type="0" btype="0" language="ro"><name>Hbo (Offline)</name><status>2</status><region en=""></region><class en="Filme">0</class><user_count>0</user_count><sn>0</sn><visit_count>0</visit_count><start_from></start_from><stream_type></stream_type><kbps>0</kbps><qs>0</qs><qc>0</qc><sop_address><item>sop://broker.sopcast.com:3912/149254</item></sop_address><description>Hbo</description></channel><channel id=" 148883" type="0" btype="0" language="ro"><name>Hbo Comedy (Offline)</name><status>2</status><region en=""></region><class en="Filme">0</class><user_count>0</user_count><sn>0</sn><visit_count>0</visit_count><start_from></start_from><stream_type></stream_type><kbps>0</kbps><qs>0</qs><qc>0</qc><sop_address><item>sop://broker.sopcast.com:3912/ 148883</item></sop_address><description>Hbo Comedy</description></channel><channel id=" 148256" type="0" btype="0" language="ro"><name>Paramount (Offline)</name><status>2</status><region en=""></region><class en="Filme">0</class><user_count>0</user_count><sn>0</sn><visit_count>0</visit_count><start_from></start_from><stream_type></stream_type><kbps>0</kbps><qs>0</qs><qc>0</qc><sop_address><item>sop://broker.sopcast.com:3912/ 148256</item></sop_address><description>PARAMOUNT</description></channel><channel id="148249" type="0" btype="0" language="ro"><name>Procinema</name><status>2</status><region en=""></region><class en="Filme">0</class><user_count>0</user_count><sn>0</sn><visit_count>0</visit_count><start_from></start_from><stream_type></stream_type><kbps>0</kbps><qs>0</qs><qc>0</qc><sop_address><item>sop://broker.sopcast.com:3912/148249</item></sop_address><description>ProCinema</description></channel><channel id=" 148260" type="0" btype="0" language="ro"><name>Tv 1000 (Offline)</name><status>2</status><region en=""></region><class en="Filme">0</class><user_count>0</user_count><sn>0</sn><visit_count>0</visit_count><start_from></start_from><stream_type></stream_type><kbps>0</kbps><qs>0</qs><qc>0</qc><sop_address><item>sop://broker.sopcast.com:3912/ 148260</item></sop_address><description>TV 1000</description></channel></group>
  <group id="1" type="1" en="Documentare" description="Documentare">Documentare<channel id="151665" type="0" btype="0" language="ro"><name>Bbc Knowledge (Offline)</name><status>2</status><region en=""></region><class en="Documentare">0</class><user_count>0</user_count><sn>0</sn><visit_count>0</visit_count><start_from></start_from><stream_type></stream_type><kbps>0</kbps><qs>0</qs><qc>0</qc><sop_address><item>sop://broker.sopcast.com:3912/151665</item></sop_address><description>Bbc Knowledge</description></channel><channel id="74633" type="0" btype="0" language="ro"><name>Digi World (Offline)</name><status>2</status><region en=""></region><class en="Documentare">0</class><user_count>0</user_count><sn>0</sn><visit_count>0</visit_count><start_from></start_from><stream_type></stream_type><kbps>0</kbps><qs>0</qs><qc>0</qc><sop_address><item>sop://broker.sopcast.com:3912/74633</item></sop_address><description>Digi World</description></channel><channel id="148972" type="0" btype="0" language="ro"><name>Discovery Channel</name><status>2</status><region en=""></region><class en="Documentare">0</class><user_count>0</user_count><sn>0</sn><visit_count>0</visit_count><start_from></start_from><stream_type></stream_type><kbps>0</kbps><qs>0</qs><qc>0</qc><sop_address><item>sop://broker.sopcast.com:3912/148972</item></sop_address><description>Discovery Channel</description></channel><channel id="148975" type="0" btype="0" language="ro"><name>Discovery Id</name><status>2</status><region en=""></region><class en="Documentare">0</class><user_count>0</user_count><sn>0</sn><visit_count>0</visit_count><start_from></start_from><stream_type></stream_type><kbps>0</kbps><qs>0</qs><qc>0</qc><sop_address><item>sop://broker.sopcast.com:3912/148975</item></sop_address><description>Discovery ID</description></channel><channel id="148974" type="0" btype="0" language="ro"><name>Discovery Science</name><status>2</status><region en=""></region><class en="Documentare">0</class><user_count>0</user_count><sn>0</sn><visit_count>0</visit_count><start_from></start_from><stream_type></stream_type><kbps>0</kbps><qs>0</qs><qc>0</qc><sop_address><item>sop://broker.sopcast.com:3912/148974</item></sop_address><description>Discovery Science</description></channel><channel id="148973" type="0" btype="0" language="ro"><name>Discovery World</name><status>2</status><region en=""></region><class en="Documentare">0</class><user_count>0</user_count><sn>0</sn><visit_count>0</visit_count><start_from></start_from><stream_type></stream_type><kbps>0</kbps><qs>0</qs><qc>0</qc><sop_address><item>sop://broker.sopcast.com:3912/148973</item></sop_address><description>Discovery World</description></channel><channel id="256179" type="0" btype="0" language="ro"><name>History Channel</name><status>2</status><region en=""></region><class en="Documentare">0</class><user_count>0</user_count><sn>0</sn><visit_count>0</visit_count><start_from></start_from><stream_type></stream_type><kbps>0</kbps><qs>0</qs><qc>0</qc><sop_address><item>sop://178.175.143.195:3912/256179</item></sop_address><description>History Channel</description></channel><channel id="253032" type="0" btype="0" language="ro"><name>History Channel (Offline)</name><status>2</status><region en=""></region><class en="Documentare">0</class><user_count>0</user_count><sn>0</sn><visit_count>0</visit_count><start_from></start_from><stream_type></stream_type><kbps>0</kbps><qs>0</qs><qc>0</qc><sop_address><item>sop://broker.sopcast.com:3912/253032</item></sop_address><description>History Channel</description></channel><channel id=" 148253" type="0" btype="0" language="ro"><name>History Channel (Offline)</name><status>2</status><region en=""></region><class en="Documentare">0</class><user_count>0</user_count><sn>0</sn><visit_count>0</visit_count><start_from></start_from><stream_type></stream_type><kbps>0</kbps><qs>0</qs><qc>0</qc><sop_address><item>sop://broker.sopcast.com:3912/ 148253</item></sop_address><description>History Channel</description></channel><channel id=" 148259" type="0" btype="0" language="ro"><name>Nat Geo Wild (Offline)</name><status>2</status><region en=""></region><class en="Documentare">0</class><user_count>0</user_count><sn>0</sn><visit_count>0</visit_count><start_from></start_from><stream_type></stream_type><kbps>0</kbps><qs>0</qs><qc>0</qc><sop_address><item>sop://broker.sopcast.com:3912/ 148259</item></sop_address><description>Nat Geo Wild</description></channel><channel id="148248" type="0" btype="0" language="ro"><name>National Geographic</name><status>2</status><region en=""></region><class en="Documentare">0</class><user_count>0</user_count><sn>0</sn><visit_count>0</visit_count><start_from></start_from><stream_type></stream_type><kbps>0</kbps><qs>0</qs><qc>0</qc><sop_address><item>sop://broker.sopcast.com:3912/148248</item></sop_address><description>National Geographic</description></channel><channel id="149269" type="0" btype="0" language="ro"><name>Viasat Explorer</name><status>2</status><region en=""></region><class en="Documentare">0</class><user_count>0</user_count><sn>0</sn><visit_count>0</visit_count><start_from></start_from><stream_type></stream_type><kbps>0</kbps><qs>0</qs><qc>0</qc><sop_address><item>sop://broker.sopcast.com:3912/149269</item></sop_address><description>Viasat Explorer</description></channel><channel id="149268" type="0" btype="0" language="ro"><name>Viasat History</name><status>2</status><region en=""></region><class en="Documentare">0</class><user_count>0</user_count><sn>0</sn><visit_count>0</visit_count><start_from></start_from><stream_type></stream_type><kbps>0</kbps><qs>0</qs><qc>0</qc><sop_address><item>sop://broker.sopcast.com:3912/149268</item></sop_address><description>Viasat History</description></channel><channel id="149267" type="0" btype="0" language="ro"><name>Viasat Nature</name><status>2</status><region en=""></region><class en="Documentare">0</class><user_count>0</user_count><sn>0</sn><visit_count>0</visit_count><start_from></start_from><stream_type></stream_type><kbps>0</kbps><qs>0</qs><qc>0</qc><sop_address><item>sop://broker.sopcast.com:3912/149267</item></sop_address><description>Viasat Nature</description></channel></group>
  <group id="8" type="1" en="Sport" description="Sport">Sport<channel id="255766" type="0" btype="0" language="ro"><name>Canal+ Liga Hd (Offline)</name><status>2</status><region en=""></region><class en="Sport">0</class><user_count>0</user_count><sn>0</sn><visit_count>0</visit_count><start_from></start_from><stream_type></stream_type><kbps>0</kbps><qs>0</qs><qc>0</qc><sop_address><item>sop://broker.sopcast.com:3912/255766</item></sop_address><description>Canal+ Liga HD</description></channel><channel id="110152" type="0" btype="0" language="ro"><name>Digisport 1</name><status>2</status><region en=""></region><class en="Sport">0</class><user_count>0</user_count><sn>0</sn><visit_count>0</visit_count><start_from></start_from><stream_type></stream_type><kbps>0</kbps><qs>0</qs><qc>0</qc><sop_address><item>sop://178.175.143.195:3912/110152</item></sop_address><description>Digisport 1</description></channel><channel id="253717" type="0" btype="0" language="ro"><name>Digisport 3 (Offline)</name><status>2</status><region en=""></region><class en="Sport">0</class><user_count>0</user_count><sn>0</sn><visit_count>0</visit_count><start_from></start_from><stream_type></stream_type><kbps>0</kbps><qs>0</qs><qc>0</qc><sop_address><item>sop://broker.sopcast.com:3912/253717</item></sop_address><description>Digisport 3</description></channel><channel id="173285" type="0" btype="0" language="ro"><name>Dolcesport 1</name><status>2</status><region en=""></region><class en="Sport">0</class><user_count>0</user_count><sn>0</sn><visit_count>0</visit_count><start_from></start_from><stream_type></stream_type><kbps>0</kbps><qs>0</qs><qc>0</qc><sop_address><item>sop://broker.sopcast.com:3912/173285</item></sop_address><description>DolceSport 1</description></channel><channel id="172978" type="0" btype="0" language="ro"><name>Dolcesport 2 (Offline)</name><status>2</status><region en=""></region><class en="Sport">0</class><user_count>0</user_count><sn>0</sn><visit_count>0</visit_count><start_from></start_from><stream_type></stream_type><kbps>0</kbps><qs>0</qs><qc>0</qc><sop_address><item>sop://broker.sopcast.com:3912/172978</item></sop_address><description>Dolcesport 2</description></channel><channel id="124991" type="0" btype="0" language="ro"><name>Eurosport 2 (Offline)</name><status>2</status><region en=""></region><class en="Sport">0</class><user_count>0</user_count><sn>0</sn><visit_count>0</visit_count><start_from></start_from><stream_type></stream_type><kbps>0</kbps><qs>0</qs><qc>0</qc><sop_address><item>sop://broker.sopcast.com:3912/124991</item></sop_address><description>Eurosport 2</description></channel><channel id="5730" type="0" btype="0" language="ro"><name>Fox Sports 2</name><status>2</status><region en=""></region><class en="Sport">0</class><user_count>0</user_count><sn>0</sn><visit_count>0</visit_count><start_from></start_from><stream_type></stream_type><kbps>0</kbps><qs>0</qs><qc>0</qc><sop_address><item>sop://124.232.150.188:3920/5730</item></sop_address><description>Fox Sports 2</description></channel><channel id="140000" type="0" btype="0" language="ro"><name>Vladimir29 (Offline)</name><status>2</status><region en=""></region><class en="Sport">0</class><user_count>0</user_count><sn>0</sn><visit_count>0</visit_count><start_from></start_from><stream_type></stream_type><kbps>0</kbps><qs>0</qs><qc>0</qc><sop_address><item>sop://178.175.143.195:3912/140000</item></sop_address><description>Vladimir29</description></channel></group>
  <group id="4" type="1" en="Pentru copii" description="Pentru copii">Pentru copii<channel id="149264" type="0" btype="0" language="ro"><name>Boomerang</name><status>2</status><region en=""></region><class en="Pentru copii">0</class><user_count>0</user_count><sn>0</sn><visit_count>0</visit_count><start_from></start_from><stream_type></stream_type><kbps>0</kbps><qs>0</qs><qc>0</qc><sop_address><item>sop://broker.sopcast.com:3912/149264</item></sop_address><description>Boomerang</description></channel><channel id=" 148254" type="0" btype="0" language="ro"><name>Cartoon Network (Offline)</name><status>2</status><region en=""></region><class en="Pentru copii">0</class><user_count>0</user_count><sn>0</sn><visit_count>0</visit_count><start_from></start_from><stream_type></stream_type><kbps>0</kbps><qs>0</qs><qc>0</qc><sop_address><item>sop://broker.sopcast.com:3912/ 148254</item></sop_address><description>Cartoon Network</description></channel><channel id="173020" type="0" btype="0" language="ro"><name>Disney Channel</name><status>2</status><region en=""></region><class en="Pentru copii">0</class><user_count>0</user_count><sn>0</sn><visit_count>0</visit_count><start_from></start_from><stream_type></stream_type><kbps>0</kbps><qs>0</qs><qc>0</qc><sop_address><item>sop://178.175.143.195:3912/173020</item></sop_address><description>Disney Channel</description></channel><channel id=" 148978" type="0" btype="0" language="ro"><name>Disney Junior (Offline)</name><status>2</status><region en=""></region><class en="Pentru copii">0</class><user_count>0</user_count><sn>0</sn><visit_count>0</visit_count><start_from></start_from><stream_type></stream_type><kbps>0</kbps><qs>0</qs><qc>0</qc><sop_address><item>sop://broker.sopcast.com:3912/ 148978</item></sop_address><description>Disney Junior</description></channel><channel id="149266" type="0" btype="0" language="ro"><name>Nick Jr</name><status>2</status><region en=""></region><class en="Pentru copii">0</class><user_count>0</user_count><sn>0</sn><visit_count>0</visit_count><start_from></start_from><stream_type></stream_type><kbps>0</kbps><qs>0</qs><qc>0</qc><sop_address><item>sop://broker.sopcast.com:3912/149266</item></sop_address><description>Nick Jr</description></channel><channel id=" 149265" type="0" btype="0" language="ro"><name>Nickelodeon (Offline)</name><status>2</status><region en=""></region><class en="Pentru copii">0</class><user_count>0</user_count><sn>0</sn><visit_count>0</visit_count><start_from></start_from><stream_type></stream_type><kbps>0</kbps><qs>0</qs><qc>0</qc><sop_address><item>sop://broker.sopcast.com:3912/ 149265</item></sop_address><description>Nickelodeon</description></channel></group>
  <group id="3" type="1" en="Muzica" description="Muzica">Muzica<channel id="140516" type="0" btype="0" language="ro"><name>Broccoli Tv</name><status>2</status><region en=""></region><class en="Muzica">0</class><user_count>0</user_count><sn>0</sn><visit_count>0</visit_count><start_from></start_from><stream_type></stream_type><kbps>0</kbps><qs>0</qs><qc>0</qc><sop_address><item>sop://broker.sopcast.com:3912/140516</item></sop_address><description>Broccoli Tv</description></channel><channel id="149270" type="0" btype="0" language="ro"><name>Etno Tv</name><status>2</status><region en=""></region><class en="Muzica">0</class><user_count>0</user_count><sn>0</sn><visit_count>0</visit_count><start_from></start_from><stream_type></stream_type><kbps>0</kbps><qs>0</qs><qc>0</qc><sop_address><item>sop://broker.sopcast.com:3912/149270</item></sop_address><description>Etno TV</description></channel></group>
  <group id="6" type="1" en="Generale" description="Generale">Generale<channel id="149257" type="0" btype="0" language="ro"><name>Antena 1</name><status>2</status><region en=""></region><class en="Generale">0</class><user_count>0</user_count><sn>0</sn><visit_count>0</visit_count><start_from></start_from><stream_type></stream_type><kbps>0</kbps><qs>0</qs><qc>0</qc><sop_address><item>sop://broker.sopcast.com:3912/149257</item></sop_address><description>Antena 1</description></channel><channel id="149258" type="0" btype="0" language="ro"><name>Kanal D</name><status>2</status><region en=""></region><class en="Generale">0</class><user_count>0</user_count><sn>0</sn><visit_count>0</visit_count><start_from></start_from><stream_type></stream_type><kbps>0</kbps><qs>0</qs><qc>0</qc><sop_address><item>sop://178.175.143.195:3912/149258</item></sop_address><description>Kanal D</description></channel><channel id="149258" type="0" btype="0" language="ro"><name>Kanal D</name><status>2</status><region en=""></region><class en="Generale">0</class><user_count>0</user_count><sn>0</sn><visit_count>0</visit_count><start_from></start_from><stream_type></stream_type><kbps>0</kbps><qs>0</qs><qc>0</qc><sop_address><item>sop://broker.sopcast.com:3912/149258</item></sop_address><description>Kanal D</description></channel><channel id=" 148251" type="0" btype="0" language="ro"><name>National Tv (Offline)</name><status>2</status><region en=""></region><class en="Generale">0</class><user_count>0</user_count><sn>0</sn><visit_count>0</visit_count><start_from></start_from><stream_type></stream_type><kbps>0</kbps><qs>0</qs><qc>0</qc><sop_address><item>sop://broker.sopcast.com:3912/ 148251</item></sop_address><description>National Tv</description></channel><channel id=" 148086" type="0" btype="0" language="ro"><name>Prima Tv (Offline)</name><status>2</status><region en=""></region><class en="Generale">0</class><user_count>0</user_count><sn>0</sn><visit_count>0</visit_count><start_from></start_from><stream_type></stream_type><kbps>0</kbps><qs>0</qs><qc>0</qc><sop_address><item>sop://broker.sopcast.com:3912/ 148086</item></sop_address><description>Prima Tv</description></channel><channel id="149252" type="0" btype="0" language="ro"><name>Protv</name><status>2</status><region en=""></region><class en="Generale">0</class><user_count>0</user_count><sn>0</sn><visit_count>0</visit_count><start_from></start_from><stream_type></stream_type><kbps>0</kbps><qs>0</qs><qc>0</qc><sop_address><item>sop://broker.sopcast.com:3912/149252</item></sop_address><description>ProTv</description></channel><channel id="151638" type="0" btype="0" language="ro"><name>Protv (Offline)</name><status>2</status><region en=""></region><class en="Generale">0</class><user_count>0</user_count><sn>0</sn><visit_count>0</visit_count><start_from></start_from><stream_type></stream_type><kbps>0</kbps><qs>0</qs><qc>0</qc><sop_address><item>sop://178.175.143.195:3912/151638</item></sop_address><description>Protv</description></channel><channel id="151380" type="0" btype="0" language="ro"><name>Protv (Offline)</name><status>2</status><region en=""></region><class en="Generale">0</class><user_count>0</user_count><sn>0</sn><visit_count>0</visit_count><start_from></start_from><stream_type></stream_type><kbps>0</kbps><qs>0</qs><qc>0</qc><sop_address><item>sop://broker.sopcast.com:3912/151380</item></sop_address><description>ProTv</description></channel><channel id="253800" type="0" btype="0" language="ro"><name>Tatv</name><status>2</status><region en=""></region><class en="Generale">0</class><user_count>0</user_count><sn>0</sn><visit_count>0</visit_count><start_from></start_from><stream_type></stream_type><kbps>0</kbps><qs>0</qs><qc>0</qc><sop_address><item>sop://178.175.143.195:3912/253800</item></sop_address><description>TATV</description></channel></group>
  <group id="7" type="1" en="Life Style" description="Life Style">Life Style<channel id="148261" type="0" btype="0" language="ro"><name>Antena Stars</name><status>2</status><region en=""></region><class en="Life Style">0</class><user_count>0</user_count><sn>0</sn><visit_count>0</visit_count><start_from></start_from><stream_type></stream_type><kbps>0</kbps><qs>0</qs><qc>0</qc><sop_address><item>sop://broker.sopcast.com:3912/148261</item></sop_address><description>Antena Stars</description></channel><channel id=" 148886" type="0" btype="0" language="ro"><name>Euforia (Offline)</name><status>2</status><region en=""></region><class en="Life Style">0</class><user_count>0</user_count><sn>0</sn><visit_count>0</visit_count><start_from></start_from><stream_type></stream_type><kbps>0</kbps><qs>0</qs><qc>0</qc><sop_address><item>sop://broker.sopcast.com:3912/ 148886</item></sop_address><description>Euforia</description></channel><channel id="148977" type="0" btype="0" language="ro"><name>Tlc</name><status>2</status><region en=""></region><class en="Life Style">0</class><user_count>0</user_count><sn>0</sn><visit_count>0</visit_count><start_from></start_from><stream_type></stream_type><kbps>0</kbps><qs>0</qs><qc>0</qc><sop_address><item>sop://broker.sopcast.com:3912/148977</item></sop_address><description>Tlc</description></channel></group>
  <group id="2" type="1" en="Stiri" description="Stiri">Stiri<channel id="148084" type="0" btype="0" language="ro"><name>Antena3</name><status>2</status><region en=""></region><class en="Stiri">0</class><user_count>0</user_count><sn>0</sn><visit_count>0</visit_count><start_from></start_from><stream_type></stream_type><kbps>0</kbps><qs>0</qs><qc>0</qc><sop_address><item>sop://broker.sopcast.com:3912/148084</item></sop_address><description>Antena3</description></channel><channel id=" 148087" type="0" btype="0" language="ro"><name>B1 (Offline)</name><status>2</status><region en=""></region><class en="Stiri">0</class><user_count>0</user_count><sn>0</sn><visit_count>0</visit_count><start_from></start_from><stream_type></stream_type><kbps>0</kbps><qs>0</qs><qc>0</qc><sop_address><item>sop://broker.sopcast.com:3912/ 148087</item></sop_address><description>B1</description></channel><channel id=" 148258" type="0" btype="0" language="ro"><name>Realitatea Tv (Offline)</name><status>2</status><region en=""></region><class en="Stiri">0</class><user_count>0</user_count><sn>0</sn><visit_count>0</visit_count><start_from></start_from><stream_type></stream_type><kbps>0</kbps><qs>0</qs><qc>0</qc><sop_address><item>sop://broker.sopcast.com:3912/ 148258</item></sop_address><description>Realitatea Tv</description></channel><channel id="148976" type="0" btype="0" language="ro"><name>Romania Tv</name><status>2</status><region en=""></region><class en="Stiri">0</class><user_count>0</user_count><sn>0</sn><visit_count>0</visit_count><start_from></start_from><stream_type></stream_type><kbps>0</kbps><qs>0</qs><qc>0</qc><sop_address><item>sop://broker.sopcast.com:3912/148976</item></sop_address><description>Romania Tv</description></channel></group>
</channels>
