<?xml version="1.0" encoding="UTF-8" standalone="yes"?>
<addon id="plugin.video.radioflyws"
       name="radiofly.ws"
       version="1.0.5"
       provider-name="andiraduta">
  <requires>
    <import addon="script.module.requests" version="2.6.0"/>
    <import addon="script.module.urlresolver" version="2.4.0"/>
    <import addon="script.common.plugin.cache" version="0.9.1"/>
    <import addon="xbmc.python" version="2.1.0"/>
  </requires>
  <extension point="xbmc.python.pluginsource"
            library="default.py">
        <provides>video</provides>
  </extension>
  <extension point="xbmc.addon.metadata">
    <summary>Filme online de la radiofly.ws</summary>
    <description>Urmareste cele mai noi filme si seriale.</description>
    <platform>all</platform>
  </extension>
</addon>