<?xml version="1.0" encoding="UTF-8" standalone="yes"?>
<addon id="repository.msgs" name="Smart Connect Repository" version="1.0.0" provider-name="Smart Connect">
        <extension point="xbmc.addon.repository" name="Smart Connect Repository">
                <info compressed="false">https://msgs.googlecode.com/svn/trunk/addons.xml</info>
                <checksum>https://msgs.googlecode.com/svn/trunk/addons.xml.md5</checksum>
                <datadir zip="true">https://msgs.googlecode.com/svn/trunk</datadir>
        </extension>
        <extension point="xbmc.addon.metadata">
                <summary>Smart Connect Repository</summary>
                <description>Smart Connect Repository</description>
                <platform>all</platform>
        </extension>
</addon>

