<?xml version="1.0" encoding="UTF-8" standalone="yes"?>
<addon id="repository.smartconnect" name="Smart Connect Repository" version="1.0.0" provider-name="Smart Connect">
        <extension point="xbmc.addon.repository" name="Smart Connect Repository">
                <info compressed="false">https://github.com/overflow-msgs/smartconnect/tree/master/addons/addons.xml</info>
                <checksum>https://github.com/overflow-msgs/smartconnect/tree/master/addons/addons.xml.md5</checksum>
                <datadir zip="true">https://github.com/overflow-msgs/smartconnect/tree/master/addons</datadir>
        </extension>
        <extension point="xbmc.addon.metadata">
                <summary>Smart Connect Repository</summary>
                <description>Smart Connect Repository</description>
                <platform>all</platform>
        </extension>
</addon>

