<?xml version="1.0" encoding="UTF-8" standalone="yes"?>
<addon id="script.smartpack" name="SmartPack RO" version="1.0.0" provider-name="SmartConnect">
  <requires>
    <import addon="xbmc.python" version="2.1.0"/>
  </requires>
  <extension point="xbmc.python.pluginsource" library="default.py">
        <provides>executable</provides>
  </extension>
  <extension point="xbmc.service" library="service.py" start="startup">
  </extension>
  <extension point="xbmc.addon.metadata">
    <platform>all</platform>
  </extension>
</addon>
