<favourites>
	<favourite name="[B][COLOR orange]webTV[/B][/COLOR]" thumb="special://home/addons/plugin.video.p2p-streams/resources/art/xml_lists.png">ActivateWindow(10025,&quot;plugin://plugin.video.p2p-streams/?iconimage=%2fstorage%2femulated%2f0%2fAndroid%2fdata%2forg.xbmc.kodi%2ffiles%2f.kodi%2faddons%2fplugin.video.p2p-streams%2fresources%2fart%2fxml_lists.png&amp;mode=101&amp;name=%5bB%5d%5bCOLOR%20orange%5dwebTV%5b%2fB%5d%5b%2fCOLOR%5d&amp;url=http%3a%2f%2fstreams.magazinmixt.ro%2fsopcast.xml&quot;,return)</favourite>
	<favourite name="Sky Pack" thumb="">ActivateWindow(10025,&quot;plugin://plugin.video.stalker/?mode=genres&amp;portal=%7b%22name%22%3a%20%22Sky%20Pack%22%2c%20%22parental%22%3a%20%22true%22%2c%20%22url%22%3a%20%22http%3a%2f%2fportal.iptvprivateserver.tv%22%2c%20%22mac%22%3a%20%22%22%2c%20%22serial%22%3a%20null%2c%20%22password%22%3a%20%228989%22%7d&quot;,return)</favourite>
	<favourite name="Phoenix TV" thumb="http://shanghai.watchkodi.com/Phoenix%20Tv%20Icon.jpg">ActivateWindow(10025,&quot;plugin://plugin.video.phstreams/?audio=0&amp;content=0&amp;fanart=%2fstorage%2femulated%2f0%2fAndroid%2fdata%2forg.xbmc.kodi%2ffiles%2f.kodi%2faddons%2fplugin.video.phstreams%2ffanart.jpg&amp;image=http%3a%2f%2fshanghai.watchkodi.com%2fPhoenix%2520Tv%2520Icon.jpg&amp;mode=ndmode&amp;name=Phoenix%20TV&amp;playable=false&amp;url=http%3a%2f%2fshanghai.watchkodi.com%2fmaindir%2fmain.xml&quot;,return)</favourite>
	<favourite name="Crusader88" thumb="http://alaska.watchkodi.com/crusader88A.png">ActivateWindow(10025,&quot;plugin://plugin.video.phstreams/?audio=0&amp;content=0&amp;fanart=%2fstorage%2femulated%2f0%2fAndroid%2fdata%2forg.xbmc.kodi%2ffiles%2f.kodi%2faddons%2fplugin.video.phstreams%2ffanart.jpg&amp;image=http%3a%2f%2falaska.watchkodi.com%2fcrusader88A.png&amp;mode=dmode&amp;name=Crusader88&amp;playable=false&amp;url=http%3a%2f%2falaska.watchkodi.com%2fmaindir%2fmain.xml&quot;,return)</favourite>
	<favourite name="1Torrent.tv" thumb="special://home/addons/plugin.video.p2p-streams/resources/core/parsers/onetorrenttv/icon.png">ActivateWindow(10025,&quot;plugin://plugin.video.p2p-streams/?iconimage=%2fstorage%2femulated%2f0%2fAndroid%2fdata%2forg.xbmc.kodi%2ffiles%2f.kodi%2faddons%2fplugin.video.p2p-streams%2fresources%2fcore%2fparsers%2fonetorrenttv%2ficon.png&amp;mode=401&amp;name=1Torrent.tv&amp;parser=onetorrenttv&amp;url=https%3a%2f%2fcode.google.com%2fp%2fp2p-strm%2f&quot;,return)</favourite>
	<favourite name="Arenavision.in" thumb="special://home/addons/plugin.video.p2p-streams/resources/core/parsers/arenavision/icon.png">ActivateWindow(10025,&quot;plugin://plugin.video.p2p-streams/?iconimage=%2fstorage%2femulated%2f0%2fAndroid%2fdata%2forg.xbmc.kodi%2ffiles%2f.kodi%2faddons%2fplugin.video.p2p-streams%2fresources%2fcore%2fparsers%2farenavision%2ficon.png&amp;mode=401&amp;name=Arenavision.in&amp;parser=arenavision&amp;url=https%3a%2f%2fcode.google.com%2fp%2fp2p-strm%2f&quot;,return)</favourite>
	<favourite name="Livefootball.ws" thumb="special://home/addons/plugin.video.p2p-streams/resources/core/parsers/livefootballws/icon.png">ActivateWindow(10025,&quot;plugin://plugin.video.p2p-streams/?iconimage=%2fstorage%2femulated%2f0%2fAndroid%2fdata%2forg.xbmc.kodi%2ffiles%2f.kodi%2faddons%2fplugin.video.p2p-streams%2fresources%2fcore%2fparsers%2flivefootballws%2ficon.png&amp;mode=401&amp;name=Livefootball.ws&amp;parser=livefootballws&amp;url=https%3a%2f%2fcode.google.com%2fp%2fp2p-strm%2f&quot;,return)</favourite>
	<favourite name="Rojadirecta.me" thumb="special://home/addons/plugin.video.p2p-streams/resources/core/parsers/rojadirecta/icon.png">ActivateWindow(10025,&quot;plugin://plugin.video.p2p-streams/?iconimage=%2fstorage%2femulated%2f0%2fAndroid%2fdata%2forg.xbmc.kodi%2ffiles%2f.kodi%2faddons%2fplugin.video.p2p-streams%2fresources%2fcore%2fparsers%2frojadirecta%2ficon.png&amp;mode=401&amp;name=Rojadirecta.me&amp;parser=rojadirecta&amp;url=https%3a%2f%2fcode.google.com%2fp%2fp2p-strm%2f&quot;,return)</favourite>
	<favourite name="Torrent-TV.ru (All categories)" thumb="special://home/addons/plugin.video.p2p-streams/resources/core/parsers/torrenttvruall/icon.png">ActivateWindow(10025,&quot;plugin://plugin.video.p2p-streams/?iconimage=%2fstorage%2femulated%2f0%2fAndroid%2fdata%2forg.xbmc.kodi%2ffiles%2f.kodi%2faddons%2fplugin.video.p2p-streams%2fresources%2fcore%2fparsers%2ftorrenttvruall%2ficon.png&amp;mode=401&amp;name=Torrent-TV.ru%20(All%20categories)&amp;parser=torrenttvruall&amp;url=https%3a%2f%2fcode.google.com%2fp%2fp2p-strm%2f&quot;,return)</favourite>
	<favourite name="Torrent-TV.ru (Sports)" thumb="special://home/addons/plugin.video.p2p-streams/resources/core/parsers/torrenttvrusports/icon.png">ActivateWindow(10025,&quot;plugin://plugin.video.p2p-streams/?iconimage=%2fstorage%2femulated%2f0%2fAndroid%2fdata%2forg.xbmc.kodi%2ffiles%2f.kodi%2faddons%2fplugin.video.p2p-streams%2fresources%2fcore%2fparsers%2ftorrenttvrusports%2ficon.png&amp;mode=401&amp;name=Torrent-TV.ru%20(Sports)&amp;parser=torrenttvrusports&amp;url=https%3a%2f%2fcode.google.com%2fp%2fp2p-strm%2f&quot;,return)</favourite>
</favourites>