<advancedsettings>
<loglevel hide="true">-1</loglevel> <!-- Disables logging -->
<playcountminimumpercent>95</playcountminimumpercent>
<skiploopfilter>0</skiploopfilter> <!-- For low CPU device use 16 or higher -->
<nodvdrom>true</nodvdrom>

<network>
   <buffermode>1</buffermode> <!-- Default is 1 -->
   <cachemembuffersize>52428800</cachemembuffersize> <!-- Default is 20971520 bytes or 20 MB -->
   <readbufferfactor>2.0</readbufferfactor> <!-- Default is 1.0 -->
</network>

</advancedsettings>