<profiles>
    <lastloaded>1</lastloaded>
    <useloginscreen>true</useloginscreen>
    <autologin>-1</autologin>
    <nextIdProfile>4</nextIdProfile>
    <profile>
        <id>0</id>
        <name>Master user</name>
        <directory pathversion="1">special://masterprofile/</directory>
        <thumbnail pathversion="1"></thumbnail>
        <hasdatabases>true</hasdatabases>
        <canwritedatabases>true</canwritedatabases>
        <hassources>true</hassources>
        <canwritesources>true</canwritesources>
        <lockaddonmanager>false</lockaddonmanager>
        <locksettings>0</locksettings>
        <lockfiles>false</lockfiles>
        <lockmusic>false</lockmusic>
        <lockvideo>false</lockvideo>
        <lockpictures>false</lockpictures>
        <lockprograms>false</lockprograms>
        <lockmode>1</lockmode>
        <lockcode>3546ab441e56fa333f8b44b610d95691</lockcode>
        <lastdate>08-06-2015 - 13:15</lastdate>
    </profile>
    <profile>
        <id>3</id>
        <name>User</name>
        <directory pathversion="1">profiles/User/</directory>
        <thumbnail pathversion="1"></thumbnail>
        <hasdatabases>false</hasdatabases>
        <canwritedatabases>true</canwritedatabases>
        <hassources>false</hassources>
        <canwritesources>true</canwritesources>
        <lockaddonmanager>true</lockaddonmanager>
        <locksettings>1</locksettings>
        <lockfiles>true</lockfiles>
        <lockmusic>false</lockmusic>
        <lockvideo>false</lockvideo>
        <lockpictures>false</lockpictures>
        <lockprograms>false</lockprograms>
        <lockmode>0</lockmode>
        <lockcode>-</lockcode>
        <lastdate>02-01-1970 - 1:04</lastdate>
    </profile>
</profiles>
