<sources>
    <programs>
        <default pathversion="1"></default>
    </programs>
    <video>
        <default pathversion="1"></default>
        <source>
            <name>FilmeHD</name>
            <path pathversion="1">smb://OVERFLOW-NAS/FilmeHD/</path>
            <allowsharing>true</allowsharing>
        </source>
    </video>
    <music>
        <default pathversion="1"></default>
        <source>
            <name>Muzica</name>
            <path pathversion="1">smb://OVERFLOW-NAS/Muzica/</path>
            <allowsharing>true</allowsharing>
        </source>
    </music>
    <pictures>
        <default pathversion="1"></default>
    </pictures>
    <files>
        <default pathversion="1"></default>
        <source>
            <name>fusion</name>
            <path pathversion="1">http://fusion.tvaddons.ag/</path>
            <allowsharing>true</allowsharing>
        </source>
        <source>
            <name>super repo</name>
            <path pathversion="1">http://srp.nu/</path>
            <allowsharing>true</allowsharing>
        </source>
        <source>
            <name>Xunity talk</name>
            <path pathversion="1">http://xfinity.xunitytalk.com/</path>
            <allowsharing>true</allowsharing>
        </source>
        <source>
            <name>FilmeHD</name>
            <path pathversion="1">smb://192.168.15.24/FilmeHD/</path>
            <allowsharing>true</allowsharing>
        </source>
    <source><name>Fusion</name><path pathversion="1">http://fusion.xbmchub.com</path></source><source><name>Super Repo - Gotham</name><path pathversion="1">http://use.superrepo.org/gotham</path></source><source><name>Super Repo - Frodo</name><path pathversion="1">http://use.superrepo.org/frodo</path></source></files>
</sources>
